trip_year,trip_month,trips_made,from_station_name,usertype,rn
2013,6,191,Millennium Park,Customer,1
2013,6,172,Lake Shore Dr & Monroe St,Customer,2
2013,6,170,Michigan Ave & Oak St,Customer,3
2013,6,156,McClurg Ct & Illinois St,Customer,4
2013,6,103,Michigan Ave & Pearson St,Customer,5
2013,6,88,Michigan Ave & Lake St,Customer,6
2013,6,88,Wabash Ave & Roosevelt Rd,Customer,6
2013,6,87,Cannon Dr & Fullerton Ave,Customer,7
2013,6,74,McCormick Place,Customer,8
2013,6,62,Fairbanks Ct & Grand Ave,Customer,9
2013,6,57,Dearborn St & Adams St,Customer,10
2013,7,3376,Millennium Park,Customer,1
2013,7,3065,Lake Shore Dr & Monroe St,Customer,2
2013,7,2479,Michigan Ave & Oak St,Customer,3
2013,7,2433,McClurg Ct & Illinois St,Customer,4
2013,7,2409,Museum Campus,Customer,5
2013,7,1857,Michigan Ave & Pearson St,Customer,6
2013,7,1590,Cannon Dr & Fullerton Ave,Customer,7
2013,7,1531,Michigan Ave & Lake St,Customer,8
2013,7,1158,Wabash Ave & Roosevelt Rd,Customer,9
2013,7,1143,Fairbanks Ct & Grand Ave,Customer,10
2013,8,5678,Streeter Dr & Illinois St,Customer,1
2013,8,4452,Lake Shore Dr & Monroe St,Customer,2
2013,8,4192,Millennium Park,Customer,3
2013,8,3496,Museum Campus,Customer,4
2013,8,3435,Michigan Ave & Oak St,Customer,5
2013,8,2508,Clark St & North Ave,Customer,6
2013,8,2234,McClurg Ct & Illinois St,Customer,7
2013,8,2180,Theater on the Lake,Customer,8
2013,8,1919,Lake Shore Dr & Ohio St,Customer,9
2013,8,1889,Michigan Ave & Lake St,Customer,10
2013,9,5362,Streeter Dr & Illinois St,Customer,1
2013,9,3523,Millennium Park,Customer,2
2013,9,3226,Lake Shore Dr & Monroe St,Customer,3
2013,9,3051,Theater on the Lake,Customer,4
2013,9,2799,Museum Campus,Customer,5
2013,9,2568,Michigan Ave & Oak St,Customer,6
2013,9,1600,McClurg Ct & Illinois St,Customer,7
2013,9,1502,Clark St & North Ave,Customer,8
2013,9,1393,Michigan Ave & Pearson St,Customer,9
2013,9,1337,Michigan Ave & Washington St,Customer,10
2013,10,3254,Streeter Dr & Illinois St,Customer,1
2013,10,2096,Lake Shore Dr & Monroe St,Customer,2
2013,10,1990,Millennium Park,Customer,3
2013,10,1619,Museum Campus,Customer,4
2013,10,1470,Theater on the Lake,Customer,5
2013,10,1288,Michigan Ave & Oak St,Customer,6
2013,10,886,Lake Shore Dr & North Blvd,Customer,7
2013,10,830,Michigan Ave & Pearson St,Customer,8
2013,10,816,McClurg Ct & Illinois St,Customer,9
2013,10,775,Michigan Ave & Jackson Blvd,Customer,10
2013,11,815,Streeter Dr & Illinois St,Customer,1
2013,11,639,Lake Shore Dr & Monroe St,Customer,2
2013,11,605,Millennium Park,Customer,3
2013,11,504,Museum Campus,Customer,4
2013,11,326,Michigan Ave & Oak St,Customer,5
2013,11,313,Theater on the Lake,Customer,6
2013,11,311,Adler Planetarium,Customer,7
2013,11,302,Michigan Ave & Washington St,Customer,8
2013,11,248,Lake Shore Dr & North Blvd,Customer,9
2013,11,246,Michigan Ave & Pearson St,Customer,10
2013,12,157,Millennium Park,Customer,1
2013,12,125,Streeter Dr & Illinois St,Customer,2
2013,12,118,Museum Campus,Customer,3
2013,12,98,Lake Shore Dr & Monroe St,Customer,4
2013,12,67,Michigan Ave & Oak St,Customer,5
2013,12,60,McCormick Place,Customer,6
2013,12,59,Michigan Ave & Jackson Blvd,Customer,7
2013,12,53,Michigan Ave & Washington St,Customer,8
2013,12,51,Theater on the Lake,Customer,9
2013,12,50,Michigan Ave & Pearson St,Customer,10
2013,12,50,Adler Planetarium,Customer,10
2014,1,27,Michigan Ave & Washington St,Customer,1
2014,1,24,Streeter Dr & Illinois St,Customer,2
2014,1,21,Michigan Ave & Congress Pkwy,Customer,3
2014,1,20,Franklin St & Jackson Blvd,Customer,4
2014,1,17,Lake Shore Dr & Monroe St,Customer,5
2014,1,17,Wells St & Erie St,Customer,5
2014,1,17,Millennium Park,Customer,5
2014,1,16,Green St & Milwaukee Ave,Customer,6
2014,1,15,Michigan Ave & Lake St,Customer,7
2014,1,15,Wabash Ave & Roosevelt Rd,Customer,7
2014,1,13,Museum Campus,Customer,8
2014,1,13,Sheridan Rd & Montrose Ave,Customer,8
2014,1,11,Halsted St & Madison St,Customer,9
2014,1,11,Peoria St & Jackson Blvd,Customer,9
2014,1,11,Clark St & Schiller St,Customer,9
2014,1,10,Fairbanks Ct & Grand Ave,Customer,10
2014,1,10,Adler Planetarium,Customer,10
2014,1,10,Columbus Dr & Randolph St,Customer,10
2014,1,10,Michigan Ave & Pearson St,Customer,10
2014,1,10,Eckhart Park,Customer,10
2014,1,10,LaSalle St & Illinois St,Customer,10
2014,1,10,State St & Kinzie St,Customer,10
2014,1,10,Desplaines St & Kinzie St,Customer,10
2014,2,46,Lake Shore Dr & Monroe St,Customer,1
2014,2,31,Michigan Ave & Washington St,Customer,2
2014,2,28,Museum Campus,Customer,3
2014,2,28,Streeter Dr & Illinois St,Customer,3
2014,2,25,Adler Planetarium,Customer,4
2014,2,20,Franklin St & Jackson Blvd,Customer,5
2014,2,18,McClurg Ct & Illinois St,Customer,6
2014,2,18,Michigan Ave & Jackson Blvd,Customer,6
2014,2,18,Michigan Ave & Oak St,Customer,6
2014,2,17,Dearborn St & Monroe St,Customer,7
2014,2,16,Franklin St & Arcade Pl,Customer,8
2014,2,16,Michigan Ave & 18th St,Customer,8
2014,2,16,Lake Shore Dr & Ohio St,Customer,8
2014,2,15,Wells St & Erie St,Customer,9
2014,2,15,Mies van der Rohe Way & Chicago Ave,Customer,9
2014,2,15,Theater on the Lake,Customer,9
2014,2,15,Michigan Ave & Congress Pkwy,Customer,9
2014,2,14,LaSalle St & Illinois St,Customer,10
2014,3,576,Streeter Dr & Illinois St,Customer,1
2014,3,473,Lake Shore Dr & Monroe St,Customer,2
2014,3,339,Museum Campus,Customer,3
2014,3,321,Millennium Park,Customer,4
2014,3,314,Theater on the Lake,Customer,5
2014,3,233,Michigan Ave & Oak St,Customer,6
2014,3,230,Lake Shore Dr & North Blvd,Customer,7
2014,3,208,Michigan Ave & Pearson St,Customer,8
2014,3,191,Adler Planetarium,Customer,9
2014,3,187,Lake Shore Dr & Ohio St,Customer,10
2014,4,2906,Streeter Dr & Illinois St,Customer,1
2014,4,2210,Lake Shore Dr & Monroe St,Customer,2
2014,4,1612,Theater on the Lake,Customer,3
2014,4,1505,Museum Campus,Customer,4
2014,4,1488,Millennium Park,Customer,5
2014,4,1365,Michigan Ave & Oak St,Customer,6
2014,4,1003,Lake Shore Dr & North Blvd,Customer,7
2014,4,782,Michigan Ave & Washington St,Customer,8
2014,4,778,Adler Planetarium,Customer,9
2014,4,761,Indiana Ave & Roosevelt Rd,Customer,10
2014,5,1844,McClurg Ct & Illinois St,Customer,8
2014,5,5863,Streeter Dr & Illinois St,Customer,1
2014,5,1602,Indiana Ave & Roosevelt Rd,Customer,9
2014,5,4627,Lake Shore Dr & Monroe St,Customer,2
2014,5,1581,Adler Planetarium,Customer,10
2014,5,3498,Theater on the Lake,Customer,3
2014,5,3025,Millennium Park,Customer,4
2014,5,3000,Michigan Ave & Oak St,Customer,5
2014,5,2809,Museum Campus,Customer,6
2014,5,2120,Lake Shore Dr & North Blvd,Customer,7
2014,6,6768,Streeter Dr & Illinois St,Customer,1
2014,6,5107,Lake Shore Dr & Monroe St,Customer,2
2014,6,4358,Theater on the Lake,Customer,3
2014,6,3984,Michigan Ave & Oak St,Customer,4
2014,6,3730,Lake Shore Dr & North Blvd,Customer,5
2014,6,3602,Millennium Park,Customer,6
2014,6,3315,Museum Campus,Customer,7
2014,6,2199,McClurg Ct & Illinois St,Customer,8
2014,6,1850,Michigan Ave & Jackson Blvd,Customer,9
2014,6,1642,Adler Planetarium,Customer,10
2014,7,9094,Streeter Dr & Illinois St,Customer,1
2014,7,6721,Lake Shore Dr & Monroe St,Customer,2
2014,7,5577,Theater on the Lake,Customer,3
2014,7,5204,Michigan Ave & Oak St,Customer,4
2014,7,4425,Lake Shore Dr & North Blvd,Customer,5
2014,7,3902,Millennium Park,Customer,6
2014,7,3754,Museum Campus,Customer,7
2014,7,2198,McClurg Ct & Illinois St,Customer,8
2014,7,2191,Adler Planetarium,Customer,9
2014,7,2139,Indiana Ave & Roosevelt Rd,Customer,10
2014,8,9163,Streeter Dr & Illinois St,Customer,1
2014,8,6452,Lake Shore Dr & Monroe St,Customer,2
2014,8,5032,Michigan Ave & Oak St,Customer,3
2014,8,4884,Theater on the Lake,Customer,4
2014,8,4779,Millennium Park,Customer,5
2014,8,4211,Lake Shore Dr & North Blvd,Customer,6
2014,8,4018,Museum Campus,Customer,7
2014,8,2440,Adler Planetarium,Customer,8
2014,8,2264,Lake Shore Dr & Ohio St,Customer,9
2014,8,2230,McClurg Ct & Illinois St,Customer,10
2014,9,5855,Streeter Dr & Illinois St,Customer,1
2014,9,3964,Lake Shore Dr & Monroe St,Customer,2
2014,9,3061,Theater on the Lake,Customer,3
2014,9,2853,Millennium Park,Customer,4
2014,9,2721,Michigan Ave & Oak St,Customer,5
2014,9,2439,Museum Campus,Customer,6
2014,9,2269,Lake Shore Dr & North Blvd,Customer,7
2014,9,1788,Adler Planetarium,Customer,8
2014,9,1338,McClurg Ct & Illinois St,Customer,9
2014,9,1229,Indiana Ave & Roosevelt Rd,Customer,10
2014,10,2848,Streeter Dr & Illinois St,Customer,1
2014,10,2374,Lake Shore Dr & Monroe St,Customer,2
2014,10,1590,Millennium Park,Customer,3
2014,10,1477,Museum Campus,Customer,4
2014,10,1221,Theater on the Lake,Customer,5
2014,10,1185,Michigan Ave & Oak St,Customer,6
2014,10,1000,Lake Shore Dr & North Blvd,Customer,7
2014,10,939,Adler Planetarium,Customer,8
2014,10,874,McClurg Ct & Illinois St,Customer,9
2014,10,730,Michigan Ave & Jackson Blvd,Customer,10
2014,11,726,Streeter Dr & Illinois St,Customer,1
2014,11,588,Lake Shore Dr & Monroe St,Customer,2
2014,11,423,Millennium Park,Customer,3
2014,11,419,Museum Campus,Customer,4
2014,11,269,Adler Planetarium,Customer,5
2014,11,217,Theater on the Lake,Customer,6
2014,11,216,Michigan Ave & Oak St,Customer,7
2014,11,212,McClurg Ct & Illinois St,Customer,8
2014,11,206,Michigan Ave & Washington St,Customer,9
2014,11,180,Michigan Ave & Congress Pkwy,Customer,10
2014,12,438,Lake Shore Dr & Monroe St,Customer,1
2014,12,364,Streeter Dr & Illinois St,Customer,2
2014,12,300,Millennium Park,Customer,3
2014,12,259,Museum Campus,Customer,4
2014,12,165,Michigan Ave & Washington St,Customer,5
2014,12,149,Michigan Ave & Oak St,Customer,6
2014,12,137,Adler Planetarium,Customer,7
2014,12,133,Michigan Ave & Congress Pkwy,Customer,8
2014,12,126,Indiana Ave & Roosevelt Rd,Customer,9
2014,12,114,Clark St & Elm St,Customer,10
2015,1,177,Clark St & Elm St,Customer,1
2015,1,131,Millennium Park,Customer,2
2015,1,128,Streeter Dr & Illinois St,Customer,3
2015,1,122,Lake Shore Dr & Monroe St,Customer,4
2015,1,72,Museum Campus,Customer,5
2015,1,71,Adler Planetarium,Customer,6
2015,1,69,Michigan Ave & Washington St,Customer,7
2015,1,67,LaSalle St & Washington St,Customer,8
2015,1,60,Michigan Ave & Oak St,Customer,9
2015,1,54,Dearborn St & Adams St,Customer,10
2015,2,46,LaSalle St & Washington St,Customer,1
2015,2,33,Damen Ave & Pierce Ave,Customer,2
2015,2,30,Museum Campus,Customer,3
2015,2,24,Kingsbury St & Erie St,Customer,4
2015,2,20,Michigan Ave & Washington St,Customer,5
2015,2,18,Dearborn St & Adams St,Customer,6
2015,2,18,Millennium Park,Customer,6
2015,2,17,LaSalle St & Jackson Blvd,Customer,7
2015,2,17,Southport Ave & Roscoe St,Customer,7
2015,2,17,Michigan Ave & Lake St,Customer,7
2015,2,16,Lake Shore Dr & Monroe St,Customer,8
2015,2,15,Cityfront Plaza Dr & Pioneer Ct,Customer,9
2015,2,14,Dearborn St & Monroe St,Customer,10
2015,3,1228,Streeter Dr & Illinois St,Customer,1
2015,3,1037,Lake Shore Dr & Monroe St,Customer,2
2015,3,497,Museum Campus,Customer,3
2015,3,489,Millennium Park,Customer,4
2015,3,473,Michigan Ave & Oak St,Customer,5
2015,3,461,Lake Shore Dr & North Blvd,Customer,6
2015,3,415,Theater on the Lake,Customer,7
2015,3,336,Michigan Ave & Washington St,Customer,8
2015,3,320,Adler Planetarium,Customer,9
2015,3,309,Indiana Ave & Roosevelt Rd,Customer,10
2015,4,2633,Streeter Dr & Illinois St,Customer,1
2015,4,1985,Lake Shore Dr & Monroe St,Customer,2
2015,4,1216,Millennium Park,Customer,3
2015,4,1132,Theater on the Lake,Customer,4
2015,4,1087,Museum Campus,Customer,5
2015,4,1035,Michigan Ave & Oak St,Customer,6
2015,4,821,Adler Planetarium,Customer,7
2015,4,600,Lake Shore Dr & North Blvd,Customer,8
2015,4,566,Indiana Ave & Roosevelt Rd,Customer,9
2015,4,542,Montrose Harbor,Customer,10
2015,5,5762,Streeter Dr & Illinois St,Customer,1
2015,5,4394,Lake Shore Dr & Monroe St,Customer,2
2015,5,2805,Millennium Park,Customer,3
2015,5,2794,Michigan Ave & Oak St,Customer,4
2015,5,2597,Theater on the Lake,Customer,5
2015,5,2416,Lake Shore Dr & North Blvd,Customer,6
2015,5,2053,Shedd Aquarium,Customer,7
2015,5,1673,Michigan Ave & Balbo Ave,Customer,8
2015,5,1563,McClurg Ct & Illinois St,Customer,9
2015,5,1458,Adler Planetarium,Customer,10
2015,6,8269,Streeter Dr & Illinois St,Customer,1
2015,6,6245,Lake Shore Dr & Monroe St,Customer,2
2015,6,4441,Theater on the Lake,Customer,3
2015,6,4440,Lake Shore Dr & North Blvd,Customer,4
2015,6,4060,Michigan Ave & Oak St,Customer,5
2015,6,3722,Millennium Park,Customer,6
2015,6,2943,Michigan Ave & Balbo Ave,Customer,7
2015,6,2863,Shedd Aquarium,Customer,8
2015,6,2383,Dusable Harbor,Customer,9
2015,6,2310,Adler Planetarium,Customer,10
2015,7,11816,Streeter Dr & Illinois St,Customer,1
2015,7,9057,Lake Shore Dr & Monroe St,Customer,2
2015,7,7293,Lake Shore Dr & North Blvd,Customer,3
2015,7,6472,Theater on the Lake,Customer,4
2015,7,6393,Michigan Ave & Oak St,Customer,5
2015,7,5376,Millennium Park,Customer,6
2015,7,5173,Shedd Aquarium,Customer,7
2015,7,3504,Dusable Harbor,Customer,8
2015,7,3240,Burnham Harbor,Customer,9
2015,7,3084,Adler Planetarium,Customer,10
2015,8,10742,Streeter Dr & Illinois St,Customer,1
2015,8,7046,Lake Shore Dr & Monroe St,Customer,2
2015,8,5938,Lake Shore Dr & North Blvd,Customer,3
2015,8,5403,Theater on the Lake,Customer,4
2015,8,5362,Michigan Ave & Oak St,Customer,5
2015,8,4433,Millennium Park,Customer,6
2015,8,3849,Shedd Aquarium,Customer,7
2015,8,2693,Adler Planetarium,Customer,8
2015,8,2508,Dusable Harbor,Customer,9
2015,8,2365,Burnham Harbor,Customer,10
2015,9,7988,Streeter Dr & Illinois St,Customer,1
2015,9,5173,Lake Shore Dr & Monroe St,Customer,2
2015,9,3851,Millennium Park,Customer,3
2015,9,3811,Theater on the Lake,Customer,4
2015,9,3697,Lake Shore Dr & North Blvd,Customer,5
2015,9,3322,Michigan Ave & Oak St,Customer,6
2015,9,3081,Shedd Aquarium,Customer,7
2015,9,2582,Adler Planetarium,Customer,8
2015,9,2515,Buckingham Fountain,Customer,9
2015,9,1848,Dusable Harbor,Customer,10
2015,10,3689,Streeter Dr & Illinois St,Customer,1
2015,10,2869,Lake Shore Dr & Monroe St,Customer,2
2015,10,1881,Millennium Park,Customer,3
2015,10,1723,Shedd Aquarium,Customer,4
2015,10,1502,Adler Planetarium,Customer,5
2015,10,1467,Michigan Ave & Oak St,Customer,6
2015,10,1399,Theater on the Lake,Customer,7
2015,10,1316,Lake Shore Dr & North Blvd,Customer,8
2015,10,956,Dusable Harbor,Customer,9
2015,10,920,Museum Campus,Customer,10
2015,11,1645,Streeter Dr & Illinois St,Customer,1
2015,11,1240,Lake Shore Dr & Monroe St,Customer,2
2015,11,871,Shedd Aquarium,Customer,3
2015,11,847,Millennium Park,Customer,4
2015,11,656,Adler Planetarium,Customer,5
2015,11,590,Michigan Ave & Oak St,Customer,6
2015,11,562,Theater on the Lake,Customer,7
2015,11,540,Lake Shore Dr & North Blvd,Customer,8
2015,11,494,Burnham Harbor,Customer,9
2015,11,379,Museum Campus,Customer,10
2015,12,352,Lake Shore Dr & Monroe St,Customer,1
2015,12,345,Streeter Dr & Illinois St,Customer,2
2015,12,268,Shedd Aquarium,Customer,3
2015,12,250,Millennium Park,Customer,4
2015,12,153,Adler Planetarium,Customer,5
2015,12,144,Museum Campus,Customer,6
2015,12,134,Michigan Ave & Washington St,Customer,7
2015,12,127,Buckingham Fountain,Customer,8
2015,12,124,Lake Shore Dr & North Blvd,Customer,9
2015,12,121,Indiana Ave & Roosevelt Rd,Customer,10
2016,1,182,Streeter Dr & Grand Ave,Customer,1
2016,1,165,Lake Shore Dr & Monroe St,Customer,2
2016,1,120,Shedd Aquarium,Customer,3
2016,1,87,Millennium Park,Customer,4
2016,1,86,Adler Planetarium,Customer,5
2016,1,85,Michigan Ave & Oak St,Customer,6
2016,1,71,Michigan Ave & Washington St,Customer,7
2016,1,60,Museum Campus,Customer,8
2016,1,55,Michigan Ave & Pearson St,Customer,9
2016,1,51,Lake Shore Dr & North Blvd,Customer,10
2016,2,809,Streeter Dr & Grand Ave,Customer,1
2016,2,640,Lake Shore Dr & Monroe St,Customer,2
2016,2,381,Millennium Park,Customer,3
2016,2,358,Shedd Aquarium,Customer,4
2016,2,262,Michigan Ave & Oak St,Customer,5
2016,2,250,Lake Shore Dr & North Blvd,Customer,6
2016,2,220,Adler Planetarium,Customer,7
2016,2,207,Theater on the Lake,Customer,8
2016,2,192,Burnham Harbor,Customer,9
2016,2,183,Museum Campus,Customer,10
2016,3,2020,Streeter Dr & Grand Ave,Customer,1
2016,3,1528,Lake Shore Dr & Monroe St,Customer,2
2016,3,1104,Shedd Aquarium,Customer,3
2016,3,775,Millennium Park,Customer,4
2016,3,654,Dusable Harbor,Customer,5
2016,3,633,Michigan Ave & Oak St,Customer,6
2016,3,619,Adler Planetarium,Customer,7
2016,3,538,Lake Shore Dr & North Blvd,Customer,8
2016,3,504,Museum Campus,Customer,9
2016,3,479,Theater on the Lake,Customer,10
2016,4,2942,Streeter Dr & Grand Ave,Customer,1
2016,4,2591,Lake Shore Dr & Monroe St,Customer,2
2016,4,1489,Lake Shore Dr & North Blvd,Customer,3
2016,4,1451,Shedd Aquarium,Customer,4
2016,4,1392,Millennium Park,Customer,5
2016,4,1387,Theater on the Lake,Customer,6
2016,4,1260,Michigan Ave & Oak St,Customer,7
2016,4,962,Adler Planetarium,Customer,8
2016,4,948,Dusable Harbor,Customer,9
2016,4,840,Burnham Harbor,Customer,10
2016,5,7635,Streeter Dr & Grand Ave,Customer,1
2016,5,4775,Lake Shore Dr & Monroe St,Customer,2
2016,5,3585,Lake Shore Dr & North Blvd,Customer,3
2016,5,3433,Theater on the Lake,Customer,4
2016,5,3018,Millennium Park,Customer,5
2016,5,2805,Michigan Ave & Oak St,Customer,6
2016,5,2610,Shedd Aquarium,Customer,7
2016,5,1986,Michigan Ave & Balbo Ave,Customer,8
2016,5,1820,Adler Planetarium,Customer,9
2016,5,1559,Dusable Harbor,Customer,10
2016,6,10393,Streeter Dr & Grand Ave,Customer,1
2016,6,4853,Lake Shore Dr & Monroe St,Customer,2
2016,6,4535,Lake Shore Dr & North Blvd,Customer,3
2016,6,3925,Millennium Park,Customer,4
2016,6,3652,Michigan Ave & Oak St,Customer,5
2016,6,3625,Theater on the Lake,Customer,6
2016,6,2958,Shedd Aquarium,Customer,7
2016,6,2299,Dusable Harbor,Customer,8
2016,6,2294,Michigan Ave & Balbo Ave,Customer,9
2016,6,2277,Adler Planetarium,Customer,10
2016,7,14105,Streeter Dr & Grand Ave,Customer,1
2016,7,8047,Lake Shore Dr & Monroe St,Customer,2
2016,7,6338,Lake Shore Dr & North Blvd,Customer,3
2016,7,5662,Theater on the Lake,Customer,4
2016,7,4982,Michigan Ave & Oak St,Customer,5
2016,7,4740,Millennium Park,Customer,6
2016,7,4165,Shedd Aquarium,Customer,7
2016,7,3099,Dusable Harbor,Customer,8
2016,7,2891,Adler Planetarium,Customer,9
2016,7,2585,Burnham Harbor,Customer,10
2016,8,12486,Streeter Dr & Grand Ave,Customer,1
2016,8,5790,Lake Shore Dr & Monroe St,Customer,2
2016,8,4811,Lake Shore Dr & North Blvd,Customer,3
2016,8,4472,Theater on the Lake,Customer,4
2016,8,4375,Millennium Park,Customer,5
2016,8,4047,Michigan Ave & Oak St,Customer,6
2016,8,3500,Shedd Aquarium,Customer,7
2016,8,2702,Adler Planetarium,Customer,8
2016,8,2524,Dusable Harbor,Customer,9
2016,8,1913,Indiana Ave & Roosevelt Rd,Customer,10
2016,9,10914,Streeter Dr & Grand Ave,Customer,1
2016,9,6089,Lake Shore Dr & Monroe St,Customer,2
2016,9,3935,Theater on the Lake,Customer,3
2016,9,3749,Millennium Park,Customer,4
2016,9,3659,Lake Shore Dr & North Blvd,Customer,5
2016,9,3380,Shedd Aquarium,Customer,6
2016,9,3146,Michigan Ave & Oak St,Customer,7
2016,9,2486,Adler Planetarium,Customer,8
2016,9,2092,Dusable Harbor,Customer,9
2016,9,1760,Burnham Harbor,Customer,10
2016,10,6345,Streeter Dr & Grand Ave,Customer,1
2016,10,4095,Lake Shore Dr & Monroe St,Customer,2
2016,10,2277,Shedd Aquarium,Customer,3
2016,10,2195,Millennium Park,Customer,4
2016,10,2015,Theater on the Lake,Customer,5
2016,10,1675,Michigan Ave & Oak St,Customer,6
2016,10,1644,Lake Shore Dr & North Blvd,Customer,7
2016,10,1490,Adler Planetarium,Customer,8
2016,10,1331,Dusable Harbor,Customer,9
2016,10,1181,Field Museum,Customer,10
2016,11,2816,Streeter Dr & Grand Ave,Customer,1
2016,11,1673,Lake Shore Dr & Monroe St,Customer,2
2016,11,1085,Shedd Aquarium,Customer,3
2016,11,1011,Millennium Park,Customer,4
2016,11,903,Theater on the Lake,Customer,5
2016,11,761,Lake Shore Dr & North Blvd,Customer,6
2016,11,681,Dusable Harbor,Customer,7
2016,11,680,Adler Planetarium,Customer,8
2016,11,630,Michigan Ave & Oak St,Customer,9
2016,11,559,Burnham Harbor,Customer,10
2016,12,265,Streeter Dr & Grand Ave,Customer,1
2016,12,219,Lake Shore Dr & Monroe St,Customer,2
2016,12,152,Shedd Aquarium,Customer,3
2016,12,112,Millennium Park,Customer,4
2016,12,71,Dusable Harbor,Customer,5
2016,12,66,Adler Planetarium,Customer,6
2016,12,59,Field Museum,Customer,7
2016,12,59,Michigan Ave & Washington St,Customer,7
2016,12,56,Michigan Ave & Oak St,Customer,8
2016,12,55,Indiana Ave & Roosevelt Rd,Customer,9
2016,12,52,Theater on the Lake,Customer,10
2017,1,339,Streeter Dr & Grand Ave,Customer,1
2017,1,271,Lake Shore Dr & Monroe St,Customer,2
2017,1,163,Millennium Park,Customer,3
2017,1,154,Shedd Aquarium,Customer,4
2017,1,135,Theater on the Lake,Customer,5
2017,1,117,Michigan Ave & Washington St,Customer,6
2017,1,116,Lake Shore Dr & North Blvd,Customer,7
2017,1,103,Michigan Ave & Oak St,Customer,8
2017,1,87,Adler Planetarium,Customer,9
2017,1,80,Dusable Harbor,Customer,10
2017,2,1940,Streeter Dr & Grand Ave,Customer,1
2017,2,1232,Lake Shore Dr & Monroe St,Customer,2
2017,2,794,Theater on the Lake,Customer,3
2017,2,772,Shedd Aquarium,Customer,4
2017,2,701,Millennium Park,Customer,5
2017,2,544,Michigan Ave & Oak St,Customer,6
2017,2,542,Lake Shore Dr & North Blvd,Customer,7
2017,2,513,Adler Planetarium,Customer,8
2017,2,449,Dusable Harbor,Customer,9
2017,2,415,Burnham Harbor,Customer,10
2017,3,1141,Streeter Dr & Grand Ave,Customer,1
2017,3,843,Lake Shore Dr & Monroe St,Customer,2
2017,3,556,Shedd Aquarium,Customer,3
2017,3,365,Millennium Park,Customer,4
2017,3,322,Theater on the Lake,Customer,5
2017,3,298,Lake Shore Dr & North Blvd,Customer,6
2017,3,298,Dusable Harbor,Customer,6
2017,3,279,Adler Planetarium,Customer,7
2017,3,268,Michigan Ave & Oak St,Customer,8
2017,3,164,Michigan Ave & Washington St,Customer,9
2017,3,156,Michigan Ave & Jackson Blvd,Customer,10
2017,4,5501,Streeter Dr & Grand Ave,Customer,1
2017,4,3455,Lake Shore Dr & Monroe St,Customer,2
2017,4,1995,Shedd Aquarium,Customer,3
2017,4,1751,Lake Shore Dr & North Blvd,Customer,4
2017,4,1737,Millennium Park,Customer,5
2017,4,1628,Theater on the Lake,Customer,6
2017,4,1530,Michigan Ave & Oak St,Customer,7
2017,4,1245,Adler Planetarium,Customer,8
2017,4,1179,Burnham Harbor,Customer,9
2017,4,1038,Dusable Harbor,Customer,10
2017,5,7259,Streeter Dr & Grand Ave,Customer,1
2017,5,4854,Lake Shore Dr & Monroe St,Customer,2
2017,5,2683,Lake Shore Dr & North Blvd,Customer,3
2017,5,2496,Shedd Aquarium,Customer,4
2017,5,2433,Theater on the Lake,Customer,5
2017,5,2409,Millennium Park,Customer,6
2017,5,2072,Michigan Ave & Oak St,Customer,7
2017,5,1811,Dusable Harbor,Customer,8
2017,5,1769,Adler Planetarium,Customer,9
2017,5,1382,Burnham Harbor,Customer,10
2017,6,12286,Streeter Dr & Grand Ave,Customer,1
2017,6,6411,Lake Shore Dr & Monroe St,Customer,2
2017,6,4765,Lake Shore Dr & North Blvd,Customer,3
2017,6,3966,Millennium Park,Customer,4
2017,6,3721,Michigan Ave & Oak St,Customer,5
2017,6,3669,Theater on the Lake,Customer,6
2017,6,3553,Shedd Aquarium,Customer,7
2017,6,2829,Dusable Harbor,Customer,8
2017,6,2621,Adler Planetarium,Customer,9
2017,6,2267,Burnham Harbor,Customer,10
2017,7,17035,Streeter Dr & Grand Ave,Customer,1
2017,7,9022,Lake Shore Dr & Monroe St,Customer,2
2017,7,6937,Lake Shore Dr & North Blvd,Customer,3
2017,7,6317,Theater on the Lake,Customer,4
2017,7,5661,Michigan Ave & Oak St,Customer,5
2017,7,5043,Shedd Aquarium,Customer,6
2017,7,4330,Millennium Park,Customer,7
2017,7,3881,Adler Planetarium,Customer,8
2017,7,3708,Dusable Harbor,Customer,9
2017,7,3085,Burnham Harbor,Customer,10
2017,8,14479,Streeter Dr & Grand Ave,Customer,1
2017,8,6536,Lake Shore Dr & Monroe St,Customer,2
2017,8,5309,Lake Shore Dr & North Blvd,Customer,3
2017,8,4892,Theater on the Lake,Customer,4
2017,8,4392,Michigan Ave & Oak St,Customer,5
2017,8,4232,Shedd Aquarium,Customer,6
2017,8,4036,Millennium Park,Customer,7
2017,8,3242,Adler Planetarium,Customer,8
2017,8,3087,Dusable Harbor,Customer,9
2017,8,2114,Buckingham Fountain,Customer,10
2017,9,10690,Streeter Dr & Grand Ave,Customer,1
2017,9,5393,Lake Shore Dr & Monroe St,Customer,2
2017,9,3986,Theater on the Lake,Customer,3
2017,9,3888,Lake Shore Dr & North Blvd,Customer,4
2017,9,3639,Shedd Aquarium,Customer,5
2017,9,3263,Millennium Park,Customer,6
2017,9,3085,Michigan Ave & Oak St,Customer,7
2017,9,2566,Dusable Harbor,Customer,8
2017,9,2562,Adler Planetarium,Customer,9
2017,9,2119,Buckingham Fountain,Customer,10
2017,10,5197,Streeter Dr & Grand Ave,Customer,1
2017,10,3143,Lake Shore Dr & Monroe St,Customer,2
2017,10,1932,Shedd Aquarium,Customer,3
2017,10,1821,Theater on the Lake,Customer,4
2017,10,1809,Millennium Park,Customer,5
2017,10,1474,Lake Shore Dr & North Blvd,Customer,6
2017,10,1463,Michigan Ave & Oak St,Customer,7
2017,10,1333,Dusable Harbor,Customer,8
2017,10,1277,Adler Planetarium,Customer,9
2017,10,935,Burnham Harbor,Customer,10
2017,11,967,Streeter Dr & Grand Ave,Customer,1
2017,11,631,Lake Shore Dr & Monroe St,Customer,2
2017,11,603,Shedd Aquarium,Customer,3
2017,11,440,Millennium Park,Customer,4
2017,11,340,Adler Planetarium,Customer,5
2017,11,290,Dusable Harbor,Customer,6
2017,11,262,Theater on the Lake,Customer,7
2017,11,255,Burnham Harbor,Customer,8
2017,11,236,Field Museum,Customer,9
2017,11,203,Lake Shore Dr & North Blvd,Customer,10
2017,12,529,Streeter Dr & Grand Ave,Customer,1
2017,12,353,Lake Shore Dr & Monroe St,Customer,2
2017,12,265,Shedd Aquarium,Customer,3
2017,12,237,Millennium Park,Customer,4
2017,12,168,Michigan Ave & Oak St,Customer,5
2017,12,150,Dusable Harbor,Customer,6
2017,12,135,Theater on the Lake,Customer,7
2017,12,130,Lake Shore Dr & North Blvd,Customer,8
2017,12,115,Michigan Ave & Washington St,Customer,9
2017,12,111,Adler Planetarium,Customer,10
2018,1,201,Streeter Dr & Grand Ave,Customer,1
2018,1,141,Shedd Aquarium,Customer,2
2018,1,137,Lake Shore Dr & Monroe St,Customer,3
2018,1,78,Adler Planetarium,Customer,4
2018,1,73,Millennium Park,Customer,5
2018,1,66,Theater on the Lake,Customer,6
2018,1,65,Buckingham Fountain,Customer,7
2018,1,62,Dusable Harbor,Customer,8
2018,1,52,Field Museum,Customer,9
2018,1,48,Michigan Ave & Washington St,Customer,10
2018,2,223,Streeter Dr & Grand Ave,Customer,1
2018,2,214,Lake Shore Dr & Monroe St,Customer,2
2018,2,164,Shedd Aquarium,Customer,3
2018,2,100,Adler Planetarium,Customer,4
2018,2,96,Millennium Park,Customer,5
2018,2,85,Dusable Harbor,Customer,6
2018,2,62,Michigan Ave & Oak St,Customer,7
2018,2,47,Michigan Ave & Washington St,Customer,8
2018,2,46,Columbus Dr & Randolph St,Customer,9
2018,2,42,Field Museum,Customer,10
2018,3,1123,Lake Shore Dr & Monroe St,Customer,1
2018,3,1112,Streeter Dr & Grand Ave,Customer,2
2018,3,942,Shedd Aquarium,Customer,3
2018,3,526,Millennium Park,Customer,4
2018,3,402,Adler Planetarium,Customer,5
2018,3,378,Dusable Harbor,Customer,6
2018,3,301,Field Museum,Customer,7
2018,3,298,Michigan Ave & Oak St,Customer,8
2018,3,260,Michigan Ave & Washington St,Customer,9
2018,3,228,Buckingham Fountain,Customer,10
2018,4,1439,Streeter Dr & Grand Ave,Customer,1
2018,4,1330,Lake Shore Dr & Monroe St,Customer,2
2018,4,1016,Shedd Aquarium,Customer,3
2018,4,648,Millennium Park,Customer,4
2018,4,460,Michigan Ave & Oak St,Customer,5
2018,4,453,Adler Planetarium,Customer,6
2018,4,417,Dusable Harbor,Customer,7
2018,4,309,Theater on the Lake,Customer,8
2018,4,287,Michigan Ave & 8th St,Customer,9
2018,4,286,Buckingham Fountain,Customer,10
2018,5,6777,Streeter Dr & Grand Ave,Customer,1
2018,5,4164,Lake Shore Dr & Monroe St,Customer,2
2018,5,2953,Millennium Park,Customer,3
2018,5,2349,Shedd Aquarium,Customer,4
2018,5,2172,Michigan Ave & Oak St,Customer,5
2018,5,1906,Theater on the Lake,Customer,6
2018,5,1873,Lake Shore Dr & North Blvd,Customer,7
2018,5,1460,Adler Planetarium,Customer,8
2018,5,1305,Dusable Harbor,Customer,9
2018,5,1284,Buckingham Fountain,Customer,10
2018,6,8030,Streeter Dr & Grand Ave,Customer,1
2018,6,4418,Lake Shore Dr & Monroe St,Customer,2
2018,6,3035,Millennium Park,Customer,3
2018,6,2812,Shedd Aquarium,Customer,4
2018,6,2732,Lake Shore Dr & North Blvd,Customer,5
2018,6,2511,Michigan Ave & Oak St,Customer,6
2018,6,2209,Theater on the Lake,Customer,7
2018,6,1852,Buckingham Fountain,Customer,8
2018,6,1592,Dusable Harbor,Customer,9
2018,6,1578,Adler Planetarium,Customer,10
2018,7,11972,Streeter Dr & Grand Ave,Customer,1
2018,7,6021,Lake Shore Dr & Monroe St,Customer,2
2018,7,4248,Millennium Park,Customer,3
2018,7,4168,Lake Shore Dr & North Blvd,Customer,4
2018,7,3979,Michigan Ave & Oak St,Customer,5
2018,7,3364,Shedd Aquarium,Customer,6
2018,7,3278,Theater on the Lake,Customer,7
2018,7,2115,Adler Planetarium,Customer,8
2018,7,1820,Montrose Harbor,Customer,9
2018,7,1757,Dusable Harbor,Customer,10
2018,8,9579,Streeter Dr & Grand Ave,Customer,1
2018,8,4190,Lake Shore Dr & Monroe St,Customer,2
2018,8,3812,Lake Shore Dr & North Blvd,Customer,3
2018,8,3756,Millennium Park,Customer,4
2018,8,3675,Michigan Ave & Oak St,Customer,5
2018,8,2765,Shedd Aquarium,Customer,6
2018,8,2693,Theater on the Lake,Customer,7
2018,8,1748,Adler Planetarium,Customer,8
2018,8,1513,Dusable Harbor,Customer,9
2018,8,1490,Montrose Harbor,Customer,10
2018,9,6984,Streeter Dr & Grand Ave,Customer,1
2018,9,2931,Lake Shore Dr & Monroe St,Customer,2
2018,9,2862,Millennium Park,Customer,3
2018,9,2448,Shedd Aquarium,Customer,4
2018,9,2286,Michigan Ave & Oak St,Customer,5
2018,9,1832,Lake Shore Dr & North Blvd,Customer,6
2018,9,1557,Theater on the Lake,Customer,7
2018,9,1381,Adler Planetarium,Customer,8
2018,9,1159,Buckingham Fountain,Customer,9
2018,9,1091,Dusable Harbor,Customer,10
2018,10,2683,Streeter Dr & Grand Ave,Customer,1
2018,10,1904,Lake Shore Dr & Monroe St,Customer,2
2018,10,1300,Millennium Park,Customer,3
2018,10,1195,Shedd Aquarium,Customer,4
2018,10,896,Michigan Ave & Oak St,Customer,5
2018,10,742,Adler Planetarium,Customer,6
2018,10,563,Dusable Harbor,Customer,7
2018,10,514,Field Museum,Customer,8
2018,10,495,Lake Shore Dr & North Blvd,Customer,9
2018,10,463,Theater on the Lake,Customer,10
2018,11,620,Lake Shore Dr & Monroe St,Customer,1
2018,11,474,Streeter Dr & Grand Ave,Customer,2
2018,11,429,Shedd Aquarium,Customer,3
2018,11,275,Millennium Park,Customer,4
2018,11,168,Dusable Harbor,Customer,5
2018,11,156,Field Museum,Customer,6
2018,11,151,Michigan Ave & Oak St,Customer,7
2018,11,149,Adler Planetarium,Customer,8
2018,11,119,Buckingham Fountain,Customer,9
2018,11,112,Columbus Dr & Randolph St,Customer,10
2018,12,404,Lake Shore Dr & Monroe St,Customer,1
2018,12,324,Streeter Dr & Grand Ave,Customer,2
2018,12,293,Shedd Aquarium,Customer,3
2018,12,217,Millennium Park,Customer,4
2018,12,142,Adler Planetarium,Customer,5
2018,12,126,Field Museum,Customer,6
2018,12,125,Michigan Ave & Oak St,Customer,7
2018,12,111,Michigan Ave & Washington St,Customer,8
2018,12,108,Buckingham Fountain,Customer,9
2018,12,105,Columbus Dr & Randolph St,Customer,10
2019,1,247,Lake Shore Dr & Monroe St,Customer,1
2019,1,172,Streeter Dr & Grand Ave,Customer,2
2019,1,135,Shedd Aquarium,Customer,3
2019,1,130,Millennium Park,Customer,4
2019,1,80,Michigan Ave & Washington St,Customer,5
2019,1,75,Field Museum,Customer,6
2019,1,65,Michigan Ave & Oak St,Customer,7
2019,1,61,Adler Planetarium,Customer,8
2019,1,56,Clinton St & Madison St,Customer,9
2019,1,54,Dusable Harbor,Customer,10
2019,2,125,Lake Shore Dr & Monroe St,Customer,1
2019,2,94,Shedd Aquarium,Customer,2
2019,2,74,Streeter Dr & Grand Ave,Customer,3
2019,2,46,Michigan Ave & Washington St,Customer,4
2019,2,45,Clinton St & Madison St,Customer,5
2019,2,38,Millennium Park,Customer,6
2019,2,37,Canal St & Madison St,Customer,7
2019,2,37,Dusable Harbor,Customer,7
2019,2,36,Michigan Ave & Oak St,Customer,8
2019,2,36,Adler Planetarium,Customer,8
2019,2,35,Kingsbury St & Kinzie St,Customer,9
2019,2,30,Michigan Ave & Lake St,Customer,10
2019,3,972,Streeter Dr & Grand Ave,Customer,1
2019,3,768,Lake Shore Dr & Monroe St,Customer,2
2019,3,604,Shedd Aquarium,Customer,3
2019,3,458,Millennium Park,Customer,4
2019,3,285,Michigan Ave & Oak St,Customer,5
2019,3,265,Adler Planetarium,Customer,6
2019,3,251,Dusable Harbor,Customer,7
2019,3,216,Michigan Ave & Washington St,Customer,8
2019,3,203,Buckingham Fountain (Temp),Customer,9
2019,3,194,Field Museum,Customer,10
2019,4,2978,Streeter Dr & Grand Ave,Customer,1
2019,4,2707,Lake Shore Dr & Monroe St,Customer,2
2019,4,1373,Shedd Aquarium,Customer,3
2019,4,1164,Millennium Park,Customer,4
2019,4,1087,Michigan Ave & Oak St,Customer,5
2019,4,869,Michigan Ave & Washington St,Customer,6
2019,4,827,Adler Planetarium,Customer,7
2019,4,655,Lake Shore Dr & North Blvd,Customer,8
2019,4,641,Theater on the Lake,Customer,9
2019,4,603,Dusable Harbor,Customer,10
2019,5,4645,Streeter Dr & Grand Ave,Customer,1
2019,5,3917,Lake Shore Dr & Monroe St,Customer,2
2019,5,2048,Shedd Aquarium,Customer,3
2019,5,1994,Michigan Ave & Oak St,Customer,4
2019,5,1855,Millennium Park,Customer,5
2019,5,1516,Michigan Ave & Washington St,Customer,6
2019,5,1490,Lake Shore Dr & North Blvd,Customer,7
2019,5,1446,Theater on the Lake,Customer,8
2019,5,1301,Buckingham Fountain (Temp),Customer,9
2019,5,1251,Adler Planetarium,Customer,10
2019,6,7406,Streeter Dr & Grand Ave,Customer,1
2019,6,5868,Lake Shore Dr & Monroe St,Customer,2
2019,6,3061,Michigan Ave & Oak St,Customer,3
2019,6,3016,Shedd Aquarium,Customer,4
2019,6,2984,Millennium Park,Customer,5
2019,6,2974,Lake Shore Dr & North Blvd,Customer,6
2019,6,2561,Michigan Ave & Washington St,Customer,7
2019,6,2306,Theater on the Lake,Customer,8
2019,6,1874,Dusable Harbor,Customer,9
2019,6,1866,Buckingham Fountain (Temp),Customer,10
2019,7,11628,Streeter Dr & Grand Ave,Customer,1
2019,7,7775,Lake Shore Dr & Monroe St,Customer,2
2019,7,5340,Lake Shore Dr & North Blvd,Customer,3
2019,7,4914,Michigan Ave & Oak St,Customer,4
2019,7,4154,Millennium Park,Customer,5
2019,7,3741,Theater on the Lake,Customer,6
2019,7,3698,Shedd Aquarium,Customer,7
2019,7,3398,Michigan Ave & Washington St,Customer,8
2019,7,2438,Dusable Harbor,Customer,9
2019,7,2275,Michigan Ave & 8th St,Customer,10
2019,8,12484,Streeter Dr & Grand Ave,Customer,1
2019,8,7807,Lake Shore Dr & Monroe St,Customer,2
2019,8,5358,Michigan Ave & Oak St,Customer,3
2019,8,5118,Millennium Park,Customer,4
2019,8,5078,Lake Shore Dr & North Blvd,Customer,5
2019,8,3930,Shedd Aquarium,Customer,6
2019,8,3613,Theater on the Lake,Customer,7
2019,8,2690,Dusable Harbor,Customer,8
2019,8,2434,Adler Planetarium,Customer,9
2019,8,1904,Montrose Harbor,Customer,10
2019,9,7723,Streeter Dr & Grand Ave,Customer,1
2019,9,5148,Lake Shore Dr & Monroe St,Customer,2
2019,9,3418,Millennium Park,Customer,3
2019,9,2967,Michigan Ave & Oak St,Customer,4
2019,9,2862,Shedd Aquarium,Customer,5
2019,9,2196,Lake Shore Dr & North Blvd,Customer,6
2019,9,2064,Theater on the Lake,Customer,7
2019,9,1685,Dusable Harbor,Customer,8
2019,9,1630,Adler Planetarium,Customer,9
2019,9,1151,Michigan Ave & 8th St,Customer,10
2019,10,3514,Streeter Dr & Grand Ave,Customer,1
2019,10,3257,Lake Shore Dr & Monroe St,Customer,2
2019,10,1784,Shedd Aquarium,Customer,3
2019,10,1557,Millennium Park,Customer,4
2019,10,1164,Michigan Ave & Oak St,Customer,5
2019,10,1143,Dusable Harbor,Customer,6
2019,10,945,Adler Planetarium,Customer,7
2019,10,814,Michigan Ave & 8th St,Customer,8
2019,10,759,Field Museum,Customer,9
2019,10,748,Theater on the Lake,Customer,10
2019,11,860,Lake Shore Dr & Monroe St,Customer,1
2019,11,680,Streeter Dr & Grand Ave,Customer,2
2019,11,557,Shedd Aquarium,Customer,3
2019,11,410,Millennium Park,Customer,4
2019,11,351,Dusable Harbor,Customer,5
2019,11,224,Michigan Ave & Washington St,Customer,6
2019,11,218,Field Museum,Customer,7
2019,11,216,Adler Planetarium,Customer,8
2019,11,192,Buckingham Fountain,Customer,9
2019,11,179,Michigan Ave & 8th St,Customer,10
2019,11,179,Wabash Ave & Grand Ave,Customer,10
2019,12,795,Streeter Dr & Grand Ave,Customer,1
2019,12,730,Lake Shore Dr & Monroe St,Customer,2
2019,12,508,Shedd Aquarium,Customer,3
2019,12,442,Millennium Park,Customer,4
2019,12,273,Michigan Ave & Oak St,Customer,5
2019,12,252,Adler Planetarium,Customer,6
2019,12,227,Michigan Ave & Washington St,Customer,7
2019,12,213,Dusable Harbor,Customer,8
2019,12,196,Michigan Ave & 8th St,Customer,9
2019,12,186,Columbus Dr & Randolph St,Customer,10
2020,1,229,Lake Shore Dr & Monroe St,Customer,1
2020,1,178,Shedd Aquarium,Customer,2
2020,1,173,Streeter Dr & Grand Ave,Customer,3
2020,1,150,Michigan Ave & Washington St,Customer,4
2020,1,123,Wabash Ave & Grand Ave,Customer,5
2020,1,122,Millennium Park,Customer,6
2020,1,82,Dusable Harbor,Customer,7
2020,1,74,Clinton St & Madison St,Customer,8
2020,1,73,State St & Randolph St,Customer,9
2020,1,72,Michigan Ave & Lake St,Customer,10
2020,2,475,Lake Shore Dr & Monroe St,Customer,1
2020,2,404,Streeter Dr & Grand Ave,Customer,2
2020,2,319,Shedd Aquarium,Customer,3
2020,2,202,Millennium Park,Customer,4
2020,2,169,Michigan Ave & Oak St,Customer,5
2020,2,155,Theater on the Lake,Customer,6
2020,2,152,Adler Planetarium,Customer,7
2020,2,143,Michigan Ave & Washington St,Customer,8
2020,2,130,Wabash Ave & Grand Ave,Customer,9
2020,2,130,Michigan Ave & 8th St,Customer,9
2020,2,121,Field Museum,Customer,10
2020,3,938,Streeter Dr & Grand Ave,Customer,1
2020,3,882,Lake Shore Dr & Monroe St,Customer,2
2020,3,498,Shedd Aquarium,Customer,3
2020,3,451,Millennium Park,Customer,4
2020,3,414,Michigan Ave & Oak St,Customer,5
2020,3,367,Theater on the Lake,Customer,6
2020,3,324,Dusable Harbor,Customer,7
2020,3,294,Lake Shore Dr & North Blvd,Customer,8
2020,3,246,Adler Planetarium,Customer,9
2020,3,222,Lake Shore Dr & Belmont Ave,Customer,10
2020,4,246,Clark St & Elm St,Customer,1
2020,4,204,Wabash Ave & Grand Ave,Customer,2
2020,4,202,Desplaines St & Kinzie St,Customer,3
2020,4,200,Wells St & Huron St,Customer,4
2020,4,195,Wells St & Elm St,Customer,5
2020,4,193,Clark St & Lincoln Ave,Customer,6
2020,4,191,Sheffield Ave & Waveland Ave,Customer,7
2020,4,182,Dearborn St & Erie St,Customer,8
2020,4,179,Ashland Ave & Division St,Customer,9
2020,4,175,Clark St & Armitage Ave,Customer,10
2020,5,897,Clark St & Elm St,Customer,1
2020,5,803,Millennium Park,Customer,2
2020,5,787,Indiana Ave & Roosevelt Rd,Customer,3
2020,5,699,Clark St & Lincoln Ave,Customer,4
2020,5,692,Wabash Ave & Grand Ave,Customer,5
2020,5,682,Buckingham Fountain,Customer,6
2020,5,654,Wells St & Huron St,Customer,7
2020,5,641,Michigan Ave & Lake St,Customer,8
2020,5,634,Larrabee St & Webster Ave,Customer,9
2020,5,623,Stockton Dr & Wrightwood Ave,Customer,10
2020,6,3045,Streeter Dr & Grand Ave,Customer,1
2020,6,1791,Millennium Park,Customer,2
2020,6,1695,Lake Shore Dr & Monroe St,Customer,3
2020,6,1502,Clark St & Elm St,Customer,4
2020,6,1466,Indiana Ave & Roosevelt Rd,Customer,5
2020,6,1408,Lake Shore Dr & North Blvd,Customer,6
2020,6,1300,Buckingham Fountain,Customer,7
2020,6,1195,Michigan Ave & Lake St,Customer,8
2020,6,1164,Michigan Ave & Oak St,Customer,9
2020,6,1163,Wells St & Concord Ln,Customer,10
2020,7,6954,Streeter Dr & Grand Ave,Customer,1
2020,7,4526,Lake Shore Dr & Monroe St,Customer,2
2020,7,4330,Millennium Park,Customer,3
2020,7,3157,Indiana Ave & Roosevelt Rd,Customer,4
2020,7,3120,Lake Shore Dr & North Blvd,Customer,5
2020,7,3082,Theater on the Lake,Customer,6
2020,7,2654,Buckingham Fountain,Customer,7
2020,7,2638,Michigan Ave & Lake St,Customer,8
2020,7,2475,Michigan Ave & Oak St,Customer,9
2020,7,2460,Michigan Ave & 8th St,Customer,10
2020,8,7034,Streeter Dr & Grand Ave,Customer,1
2020,8,4595,Theater on the Lake,Customer,2
2020,8,4524,Lake Shore Dr & Monroe St,Customer,3
2020,8,3815,Millennium Park,Customer,4
2020,8,3540,Michigan Ave & Oak St,Customer,5
2020,8,3443,Lake Shore Dr & North Blvd,Customer,6
2020,8,3026,,Customer,7
2020,8,2758,Indiana Ave & Roosevelt Rd,Customer,8
2020,8,2355,Lake Shore Dr & Wellington Ave,Customer,9
2020,8,2343,Clark St & Lincoln Ave,Customer,10
2020,9,8201,,Customer,1
2020,9,4010,Streeter Dr & Grand Ave,Customer,2
2020,9,3574,Lake Shore Dr & Monroe St,Customer,3
2020,9,3444,Millennium Park,Customer,4
2020,9,2989,Theater on the Lake,Customer,5
2020,9,2780,Michigan Ave & Oak St,Customer,6
2020,9,2103,Shedd Aquarium,Customer,7
2020,9,2089,Indiana Ave & Roosevelt Rd,Customer,8
2020,9,2066,Lake Shore Dr & North Blvd,Customer,9
2020,9,2004,Michigan Ave & Lake St,Customer,10
2020,10,12547,,Customer,1
2020,10,2080,Lake Shore Dr & Monroe St,Customer,2
2020,10,1961,Millennium Park,Customer,3
2020,10,1722,Streeter Dr & Grand Ave,Customer,4
2020,10,1325,Michigan Ave & Oak St,Customer,5
2020,10,1304,Shedd Aquarium,Customer,6
2020,10,1235,Clark St & Elm St,Customer,7
2020,10,1222,Theater on the Lake,Customer,8
2020,10,1146,Indiana Ave & Roosevelt Rd,Customer,9
2020,10,1127,Michigan Ave & Lake St,Customer,10
2020,11,8955,,Customer,1
2020,11,1307,Lake Shore Dr & Monroe St,Customer,2
2020,11,1134,Millennium Park,Customer,3
2020,11,879,Streeter Dr & Grand Ave,Customer,4
2020,11,819,Theater on the Lake,Customer,5
2020,11,812,Michigan Ave & Oak St,Customer,6
2020,11,718,Indiana Ave & Roosevelt Rd,Customer,7
2020,11,704,Shedd Aquarium,Customer,8
2020,11,646,Clark St & Elm St,Customer,9
2020,11,635,Lake Shore Dr & North Blvd,Customer,10
2020,12,3417,,Customer,1
2020,12,445,Lake Shore Dr & Monroe St,Customer,2
2020,12,262,Millennium Park,Customer,3
2020,12,256,Clark St & Elm St,Customer,4
2020,12,240,Indiana Ave & Roosevelt Rd,Customer,5
2020,12,237,Wells St & Elm St,Customer,6
2020,12,231,Wells St & Huron St,Customer,7
2020,12,222,Michigan Ave & Washington St,Customer,8
2020,12,199,Streeter Dr & Grand Ave,Customer,9
2020,12,192,Michigan Ave & Lake St,Customer,10
2021,1,2079,,Customer,1
2021,1,191,Lake Shore Dr & Monroe St,Customer,2
2021,1,150,Clark St & Elm St,Customer,3
2021,1,150,Wells St & Elm St,Customer,3
2021,1,134,Wells St & Huron St,Customer,4
2021,1,133,Ellis Ave & 60th St,Customer,5
2021,1,129,Millennium Park,Customer,6
2021,1,122,Michigan Ave & Washington St,Customer,7
2021,1,115,Clark St & Grace St,Customer,8
2021,1,112,Wells St & Concord Ln,Customer,9
2021,1,111,Dearborn St & Erie St,Customer,10
2021,1,111,Franklin St & Illinois St,Customer,10
2021,2,867,,Customer,1
2021,2,119,Millennium Park,Customer,2
2021,2,108,Lake Shore Dr & Monroe St,Customer,3
2021,2,92,Shedd Aquarium,Customer,4
2021,2,91,Clark St & Elm St,Customer,5
2021,2,86,Wells St & Elm St,Customer,6
2021,2,83,Streeter Dr & Grand Ave,Customer,7
2021,2,78,Broadway & Waveland Ave,Customer,8
2021,2,73,Columbus Dr & Randolph St,Customer,9
2021,2,71,Kingsbury St & Kinzie St,Customer,10
2021,2,71,Wabash Ave & Grand Ave,Customer,10
2021,3,4923,,Customer,1
2021,3,1867,Lake Shore Dr & Monroe St,Customer,2
2021,3,1489,Streeter Dr & Grand Ave,Customer,3
2021,3,1413,Millennium Park,Customer,4
2021,3,1048,Shedd Aquarium,Customer,5
2021,3,865,Michigan Ave & Oak St,Customer,6
2021,3,814,Indiana Ave & Roosevelt Rd,Customer,7
2021,3,775,Theater on the Lake,Customer,8
2021,3,697,Michigan Ave & Washington St,Customer,9
2021,3,668,Michigan Ave & Lake St,Customer,10
2021,4,9929,,Customer,1
2021,4,2846,Lake Shore Dr & Monroe St,Customer,2
2021,4,2328,Streeter Dr & Grand Ave,Customer,3
2021,4,2067,Millennium Park,Customer,4
2021,4,1613,Michigan Ave & Oak St,Customer,5
2021,4,1393,Shedd Aquarium,Customer,6
2021,4,1249,Lake Shore Dr & North Blvd,Customer,7
2021,4,1249,Theater on the Lake,Customer,7
2021,4,1135,Indiana Ave & Roosevelt Rd,Customer,8
2021,4,1068,Michigan Ave & Lake St,Customer,9
2021,4,1032,Buckingham Fountain,Customer,10
2021,5,24600,,Customer,1
2021,5,8322,Streeter Dr & Grand Ave,Customer,2
2021,5,4764,Lake Shore Dr & Monroe St,Customer,3
2021,5,4039,Millennium Park,Customer,4
2021,5,3337,Michigan Ave & Oak St,Customer,5
2021,5,2892,Lake Shore Dr & North Blvd,Customer,6
2021,5,2616,Shedd Aquarium,Customer,7
2021,5,2343,Theater on the Lake,Customer,8
2021,5,2155,Dusable Harbor,Customer,9
2021,5,2017,Wabash Ave & Grand Ave,Customer,10
2021,6,41044,,Customer,1
2021,6,11359,Streeter Dr & Grand Ave,Customer,2
2021,6,5445,Lake Shore Dr & North Blvd,Customer,3
2021,6,5342,Lake Shore Dr & Monroe St,Customer,4
2021,6,5008,Millennium Park,Customer,5
2021,6,4919,Michigan Ave & Oak St,Customer,6
2021,6,3442,Theater on the Lake,Customer,7
2021,6,3201,Shedd Aquarium,Customer,8
2021,6,3057,Wells St & Concord Ln,Customer,9
2021,6,2920,Clark St & Lincoln Ave,Customer,10
2021,7,45815,,Customer,1
2021,7,14108,Streeter Dr & Grand Ave,Customer,2
2021,7,6247,Millennium Park,Customer,3
2021,7,5968,Michigan Ave & Oak St,Customer,4
2021,7,4380,Theater on the Lake,Customer,5
2021,7,4313,Lake Shore Dr & North Blvd,Customer,6
2021,7,4288,Shedd Aquarium,Customer,7
2021,7,4260,Lake Shore Dr & Monroe St,Customer,8
2021,7,3601,Wells St & Concord Ln,Customer,9
2021,7,3247,Clark St & Lincoln Ave,Customer,10
2021,8,45917,,Customer,1
2021,8,11527,Streeter Dr & Grand Ave,Customer,2
2021,8,5887,DuSable Lake Shore Dr & North Blvd,Customer,3
2021,8,5646,Michigan Ave & Oak St,Customer,4
2021,8,5184,Millennium Park,Customer,5
2021,8,4978,DuSable Lake Shore Dr & Monroe St,Customer,6
2021,8,4255,Theater on the Lake,Customer,7
2021,8,3903,Shedd Aquarium,Customer,8
2021,8,3541,Wells St & Concord Ln,Customer,9
2021,8,3024,Wells St & Elm St,Customer,10
2021,9,46317,,Customer,1
2021,9,9110,Streeter Dr & Grand Ave,Customer,2
2021,9,4198,DuSable Lake Shore Dr & North Blvd,Customer,3
2021,9,4160,Michigan Ave & Oak St,Customer,4
2021,9,4067,Millennium Park,Customer,5
2021,9,3904,DuSable Lake Shore Dr & Monroe St,Customer,6
2021,9,3001,Wells St & Concord Ln,Customer,7
2021,9,2908,Shedd Aquarium,Customer,8
2021,9,2705,Theater on the Lake,Customer,9
2021,9,2383,Wells St & Elm St,Customer,10
2021,10,44664,,Customer,1
2021,10,4668,Streeter Dr & Grand Ave,Customer,2
2021,10,3181,Millennium Park,Customer,3
2021,10,2706,DuSable Lake Shore Dr & Monroe St,Customer,4
2021,10,2023,Michigan Ave & Oak St,Customer,5
2021,10,1962,Wells St & Concord Ln,Customer,6
2021,10,1921,Shedd Aquarium,Customer,7
2021,10,1605,Wells St & Elm St,Customer,8
2021,10,1590,Clark St & Elm St,Customer,9
2021,10,1577,Clark St & Armitage Ave,Customer,10
2021,11,24394,,Customer,1
2021,11,1496,Streeter Dr & Grand Ave,Customer,2
2021,11,1210,DuSable Lake Shore Dr & Monroe St,Customer,3
2021,11,972,Millennium Park,Customer,4
2021,11,763,Shedd Aquarium,Customer,5
2021,11,606,Wells St & Elm St,Customer,6
2021,11,603,Wells St & Concord Ln,Customer,7
2021,11,595,Clark St & Elm St,Customer,8
2021,11,580,Michigan Ave & Washington St,Customer,9
2021,11,545,Michigan Ave & Lake St,Customer,10
2021,12,16334,,Customer,1
2021,12,975,DuSable Lake Shore Dr & Monroe St,Customer,2
2021,12,908,Streeter Dr & Grand Ave,Customer,3
2021,12,742,Shedd Aquarium,Customer,4
2021,12,681,Millennium Park,Customer,5
2021,12,382,Clark St & Elm St,Customer,6
2021,12,363,Wells St & Concord Ln,Customer,7
2021,12,358,Clark St & Newport St,Customer,8
2021,12,355,Wells St & Elm St,Customer,9
2021,12,341,Indiana Ave & Roosevelt Rd,Customer,10
2022,1,3693,,Customer,1
2022,1,125,Wells St & Elm St,Customer,2
2022,1,125,Clark St & Elm St,Customer,2
2022,1,114,Streeter Dr & Grand Ave,Customer,3
2022,1,112,Sedgwick St & North Ave,Customer,4
2022,1,109,Kingsbury St & Kinzie St,Customer,5
2022,1,104,Wells St & Concord Ln,Customer,6
2022,1,99,Wells St & Huron St,Customer,7
2022,1,96,DuSable Lake Shore Dr & Monroe St,Customer,8
2022,1,96,Ashland Ave & Division St,Customer,8
2022,1,95,Broadway & Barry Ave,Customer,9
2022,1,95,Michigan Ave & Lake St,Customer,9
2022,1,94,Wells St & Hubbard St,Customer,10
2022,1,94,Damen Ave & Pierce Ave,Customer,10
2022,2,3828,,Customer,1
2022,2,198,Streeter Dr & Grand Ave,Customer,2
2022,2,167,DuSable Lake Shore Dr & Monroe St,Customer,3
2022,2,165,Millennium Park,Customer,4
2022,2,138,Clark St & Elm St,Customer,5
2022,2,138,Shedd Aquarium,Customer,5
2022,2,136,Wells St & Elm St,Customer,6
2022,2,125,Kingsbury St & Kinzie St,Customer,7
2022,2,120,Sedgwick St & North Ave,Customer,8
2022,2,117,Ashland Ave & Division St,Customer,9
2022,2,112,Ellis Ave & 60th St,Customer,10
2022,3,13887,,Customer,1
2022,3,2359,Streeter Dr & Grand Ave,Customer,2
2022,3,1407,DuSable Lake Shore Dr & Monroe St,Customer,3
2022,3,1142,Millennium Park,Customer,4
2022,3,918,Shedd Aquarium,Customer,5
2022,3,766,Michigan Ave & Oak St,Customer,6
2022,3,619,DuSable Lake Shore Dr & North Blvd,Customer,7
2022,3,587,Theater on the Lake,Customer,8
2022,3,556,Indiana Ave & Roosevelt Rd,Customer,9
2022,3,530,Wells St & Concord Ln,Customer,10
2022,4,21941,,Customer,1
2022,4,2988,Streeter Dr & Grand Ave,Customer,2
2022,4,1760,DuSable Lake Shore Dr & Monroe St,Customer,3
2022,4,1408,Millennium Park,Customer,4
2022,4,1131,Shedd Aquarium,Customer,5
2022,4,998,Michigan Ave & Oak St,Customer,6
2022,4,785,DuSable Lake Shore Dr & North Blvd,Customer,7
2022,4,785,Theater on the Lake,Customer,7
2022,4,742,Clark St & Armitage Ave,Customer,8
2022,4,737,Wells St & Concord Ln,Customer,9
2022,4,717,Dusable Harbor,Customer,10
